product_id,product_name
pro-0,"Reilly, Hodges and Jones"
pro-1,Deleon-Olsen
pro-2,Cooper-Matthews
pro-3,Johns Inc
pro-4,Garrison-Adams
pro-5,"Weber, Key and Kim"
pro-6,Johnson LLC
pro-7,"Wright, Reid and Robinson"
pro-8,"Duke, Lowe and Wang"
pro-9,Perkins and Sons
pro-10,Clay and Sons
pro-11,Perez-Ramirez
pro-12,Gardner-Green
pro-13,Blackwell and Sons
pro-14,"Villegas, Hill and Ware"
pro-15,Henderson-Brown
pro-16,Hernandez-Gonzales
pro-17,Long-Taylor
pro-18,Stewart-Wheeler
pro-19,"Sharp, Munoz and Andersen"
pro-20,"Crane, Estes and Sheppard"
pro-21,Ross LLC
pro-22,"Schmidt, Riddle and Lee"
pro-23,"Smith, Carroll and Adams"
pro-24,Goodwin-Harper
pro-25,Robertson Group
pro-26,Tucker LLC
pro-27,"Duran, Olson and Mills"
pro-28,Black-Wright
pro-29,Stewart Group
pro-30,Hunt-Allen
pro-31,"Hawkins, Brown and Thomas"
pro-32,Morgan Group
pro-33,Evans-Conner
pro-34,"Ramirez, Lara and Myers"
pro-35,"Russell, Krueger and Ingram"
pro-36,"Gutierrez, Cohen and Hudson"
pro-37,"Riley, Johnson and Romero"
pro-38,Foster and Sons
pro-39,Bailey-Fitzpatrick
pro-40,Vance PLC
pro-41,Hartman-Miller
pro-42,Flores PLC
pro-43,"Weaver, Rice and Hernandez"
pro-44,"Kennedy, Fisher and Villegas"
pro-45,Mclean Group
pro-46,Collins LLC
pro-47,Robinson-Morris
pro-48,"Grimes, Thomas and Bennett"
pro-49,Bryant-Mclean
